Movie 2,Movie 3,Movie 4,Movie 5,Movie 6,Movie 7,Movie 8,Movie 9,Movie 10,Input,Review,,,,,,,,,,,,,,,,,,,,,,,,,,,,,,,,,,,,,,,,,,,,,,,,,,,,,,,,,,
Mr. Nobody,Incendies,The Third Man,Awakenings,The Blues Brothers,Sinister,Mr. Smith Goes to Washington,Annie,The Jungle Book,The Great Dictator,"Yes, I believe you would enjoy The Great Dictator based on the movies you have watched. This 1940 classic is a political satire that stars and is directed by Charlie Chaplin. Chaplin plays both a Jewish barber and a dictator named Adenoid Hynkel. The movie is a critique of fascism, totalitarianism, and anti-Semitism. It is a powerful and important film that still resonates today. It is also full of Chaplin's trademark physical comedy, so it is a great mix of satire and humor.",,,,,,,,,,,,,,,,,,,,,,,,,,,,,,,,,,,,,,,,,,,,,,,,,,,,,,,,,,
Mr. Nobody,Incendies,The Third Man,Awakenings,The Blues Brothers,Sinister,Mr. Smith Goes to Washington,Annie,The Jungle Book,Evil Dead II,"Based on your movie history, you would likely enjoy the horror-comedy Evil Dead II. The movie follows the story of Ash, who is trapped in a cabin with a group of cursed objects, and must battle a horde of demonic creatures in order to survive. The movie is a combination of horror, comedy, and suspense, meaning it has something for everyone. If you enjoy the horror and suspense of Sinister and the comedy of The Blues Brothers, then you are sure to appreciate the combination of both in this movie. The special effects and makeup are also impressive, making it a truly memorable experience.",,,,,,,,,,,,,,,,,,,,,,,,,,,,,,,,,,,,,,,,,,,,,,,,,,,,,,,,,,
Mr. Nobody,Incendies,The Third Man,Awakenings,The Blues Brothers,Sinister,Mr. Smith Goes to Washington,Annie,The Jungle Book,La piel que habito,"Yes, you would enjoy La Piel Que Habito. This is a psychological thriller about a plastic surgeon who takes revenge on a man who raped his daughter. It stars Antonio Banderas and Elena Anaya, and is directed by Pedro Almodovar. The film is very intense, with an unpredictable plot and great performances that will keep you engaged. It also has a great soundtrack, which helps to set the mood. La Piel Que Habito is a great film that will keep you entertained, as well as make you think about the consequences of revenge.",,,,,,,,,,,,,,,,,,,,,,,,,,,,,,,,,,,,,,,,,,,,,,,,,,,,,,,,,,
Mr. Nobody,Incendies,The Third Man,Awakenings,The Blues Brothers,Sinister,Mr. Smith Goes to Washington,Annie,The Jungle Book,Goldfinger,"Yes, based on your history of movies, you would likely enjoy Goldfinger. It is an iconic spy movie from 1964 that follows Agent 007, James Bond. It is full of action, adventure, and suspense. The film also has a great soundtrack and is full of memorable one-liners. It is full of iconic moments, like the laser scene, and memorable villains, such as Auric Goldfinger. Goldfinger is a great film for anyone looking for a classic spy movie and is sure to keep you entertained.",,,,,,,,,,,,,,,,,,,,,,,,,,,,,,,,,,,,,,,,,,,,,,,,,,,,,,,,,,
Mr. Nobody,Incendies,The Third Man,Awakenings,The Blues Brothers,Sinister,Mr. Smith Goes to Washington,Annie,The Jungle Book,Duck Soup,"Yes, you would enjoy Duck Soup. This Marx Brothers comedy is a classic satire of politics and war. Set in the fictional kingdom of Freedonia, the movie follows the adventures of the newly-appointed Prime Minister, Rufus T. Firefly, as he attempts to deal with a neighboring countryâ€™s threats of war. The movie is full of witty dialogue and Physical comedy, making it a timeless classic. Its themes of political satire and absurdity are sure to be appreciated by any fan of classic comedies such as those you mentioned.",,,,,,,,,,,,,,,,,,,,,,,,,,,,,,,,,,,,,,,,,,,,,,,,,,,,,,,,,,
Mr. Nobody,Incendies,The Third Man,Awakenings,The Blues Brothers,Sinister,Mr. Smith Goes to Washington,Annie,The Jungle Book,WolfWalkers,"Yes, you would enjoy WolfWalkers based on your history of movies. The movie follows the story of two girls, Robyn and Mebh, as they venture into a magical forest and embark on a journey of self-discovery. The film is full of adventure, wonder, and danger as the girls explore this mysterious place and its inhabitants. With its beautiful visuals and captivating music, WolfWalkers will take you on a thrilling ride through a captivating world. Its themes of friendship, courage, and self-discovery make it an enjoyable experience for all ages.",,,,,,,,,,,,,,,,,,,,,,,,,,,,,,,,,,,,,,,,,,,,,,,,,,,,,,,,,,
Mr. Nobody,Incendies,The Third Man,Awakenings,The Blues Brothers,Sinister,Mr. Smith Goes to Washington,Annie,The Jungle Book,Gone Baby Gone,"Yes, I would enjoy Gone Baby Gone based on the history of movies I have watched. It is an intense crime thriller directed by Ben Affleck, with a great cast and a gripping plot. It follows two Boston detectives who are hired to investigate the kidnapping of a four-year-old girl. It is an emotional film that explores morality and justice, and the choices people make when faced with difficult situations. The movie has a lot of suspense and tension, and the acting is superb. The plot is complex and thrilling, and the movie does an excellent job of depicting the struggles of everyday people in a gritty, urban setting. I think based on the movies I have watched, I would enjoy Gone Baby Gone.",,,,,,,,,,,,,,,,,,,,,,,,,,,,,,,,,,,,,,,,,,,,,,,,,,,,,,,,,,
Mr. Nobody,Incendies,The Third Man,Awakenings,The Blues Brothers,Sinister,Mr. Smith Goes to Washington,Annie,The Jungle Book,The Father,"Yes, I think you would enjoy The Father based on your movie history. The Father is a drama about a man who struggles to accept reality as his memory fails him and his daughter struggles to care for him. The movie explores themes of family, aging, and the importance of human connections and relationships. The combination of drama, family themes, and the exploration of memory and aging are all elements that have been present in your previous movie choices. Therefore, I believe The Father will be an enjoyable watch for you.",,,,,,,,,,,,,,,,,,,,,,,,,,,,,,,,,,,,,,,,,,,,,,,,,,,,,,,,,,
Woman in Gold,Bride of Frankenstein,Back to the Future Part II,For Love of the Game,To Kill a Mockingbird,The Prestige,Romeo and Juliet,Deadpool 2,El orfanato,Hair,"Yes, you would enjoy the movie Hair. This musical is set in the late 1960s, during the Vietnam War and the civil rights movement. It explores themes of anti-war sentiment, free love, and the struggle to find one's identity. The upbeat soundtrack and energetic choreography make Hair an enjoyable movie for viewers of all ages. The musical numbers are catchy, and the story of the main characters offers a glimpse into the 1960s counterculture. Whether you are a fan of musicals, of the 1960s, or just want to experience something unique, Hair is the perfect movie for you.",,,,,,,,,,,,,,,,,,,,,,,,,,,,,,,,,,,,,,,,,,,,,,,,,,,,,,,,,,
Woman in Gold,Bride of Frankenstein,Back to the Future Part II,For Love of the Game,To Kill a Mockingbird,The Prestige,Romeo and Juliet,Deadpool 2,El orfanato,Creed II,"Yes, I think I would enjoy Creed II. Based on my past movie history, I think that I would appreciate the themes of overcoming adversity and perseverance that are present in the film. It is a story of a young boxer, Adonis Creed, who is trying to make his own name in the boxing world, while also being the son of a boxing legend, Apollo Creed. The film also has elements of family, friendship, and loyalty which I find very inspiring and enjoyable. Additionally, the film has some great action scenes and fights that I think I would enjoy. All in all, I think I would have a great time watching Creed II.",,,,,,,,,,,,,,,,,,,,,,,,,,,,,,,,,,,,,,,,,,,,,,,,,,,,,,,,,,
Woman in Gold,Bride of Frankenstein,Back to the Future Part II,For Love of the Game,To Kill a Mockingbird,The Prestige,Romeo and Juliet,Deadpool 2,El orfanato,The Babadook,"Yes, I would enjoy The Babadook based on my history of movie watching. It is a horror movie that explores the dark side of human nature and uses fear and suspense to create a unique and thrilling atmosphere. The film's inventive use of visual effects, sound design, and cinematography all combine to create an intense and immersive experience. It also contains a powerful emotional core and a subtle psychological exploration of how we deal with grief and loss. In addition, the movie has received nearly universal critical praise and awards recognition. All of these elements make it an excellent choice for a movie night.",,,,,,,,,,,,,,,,,,,,,,,,,,,,,,,,,,,,,,,,,,,,,,,,,,,,,,,,,,
Woman in Gold,Bride of Frankenstein,Back to the Future Part II,For Love of the Game,To Kill a Mockingbird,The Prestige,Romeo and Juliet,Deadpool 2,El orfanato,1408,"Yes, I believe you would enjoy 1408, based on your history of movies. 1408 is a psychological thriller starring John Cusack and Samuel L. Jackson. It follows a writer who is investigating a haunted room in a New York City hotel. The movie is filled with suspense and psychological horror, making it perfect for fans of horror and thrillers. The movie also features a unique twist to the traditional horror formula, making it unpredictable and exciting. Furthermore, the scenery and tension in the movie is highly praised and will keep you on the edge of your seat. Overall, 1408 is a great addition to your movie collection and will surely be enjoyable.",,,,,,,,,,,,,,,,,,,,,,,,,,,,,,,,,,,,,,,,,,,,,,,,,,,,,,,,,,
Woman in Gold,Bride of Frankenstein,Back to the Future Part II,For Love of the Game,To Kill a Mockingbird,The Prestige,Romeo and Juliet,Deadpool 2,El orfanato,Changeling,"Yes, I would enjoy Changeling. I have watched a variety of different movies, from romance to horror, to action and science fiction, so I believe I would appreciate Changeling's genre of mystery-drama. The film is based on true events, which I find fascinating, and it follows a mother's fight to find her son. I am a fan of suspenseful stories and I like being able to connect with the characters, so I think I would enjoy this movie. Additionally, the themes of justice and perseverance are ones that I find inspiring, so I believe I would have a positive experience with Changeling.",,,,,,,,,,,,,,,,,,,,,,,,,,,,,,,,,,,,,,,,,,,,,,,,,,,,,,,,,,
Woman in Gold,Bride of Frankenstein,Back to the Future Part II,For Love of the Game,To Kill a Mockingbird,The Prestige,Romeo and Juliet,Deadpool 2,El orfanato,Frankenstein,"Yes, I believe I would enjoy Frankenstein based on my history of movies. Frankenstein is a classic horror movie that is filled with suspense and mystery. The film follows the story of a scientist who creates a monster and the consequences of his experiment. It is a horror classic that is sure to deliver a thrilling and terrifying experience. Frankenstein also has strong themes of morality and religion, making it an interesting and thought-provoking movie. Overall, I believe Frankenstein would be a movie I enjoy, as it is a horror classic with a deep and meaningful message.",,,,,,,,,,,,,,,,,,,,,,,,,,,,,,,,,,,,,,,,,,,,,,,,,,,,,,,,,,
Woman in Gold,Bride of Frankenstein,Back to the Future Part II,For Love of the Game,To Kill a Mockingbird,The Prestige,Romeo and Juliet,Deadpool 2,El orfanato,The Lego Movie,"Yes, I believe you would enjoy The Lego Movie based on your movie watching history. This animated comedy is filled with action, adventure, and humor, which are all elements present in many of the movies you have watched. Additionally, it has a good moral message about the power of imagination and creativity, which is a theme common in many of the movies you have watched, such as Back to the Future Part II, To Kill a Mockingbird, and El Orfanato. The Lego Movie is an exciting and entertaining movie that you will likely enjoy.",,,,,,,,,,,,,,,,,,,,,,,,,,,,,,,,,,,,,,,,,,,,,,,,,,,,,,,,,,
Woman in Gold,Bride of Frankenstein,Back to the Future Part II,For Love of the Game,To Kill a Mockingbird,The Prestige,Romeo and Juliet,Deadpool 2,El orfanato,Draft Day,"Yes, I believe I would enjoy the movie Draft Day based on my movie history. I have watched movies from various genres, including action (X-Men, Deadpool 2), drama (Woman in Gold, To Kill a Mockingbird, The Prestige), romance (Romeo and Juliet), and horror (Bride of Frankenstein). Draft Day provides a combination of genres, as it is a sports drama with a hint of comedy. The movie follows the story of a general manager of an NFL team, who has the difficult task of trying to make his team successful. I think this mix of genres will keep me interested and entertained throughout the movie.",,,,,,,,,,,,,,,,,,,,,,,,,,,,,,,,,,,,,,,,,,,,,,,,,,,,,,,,,,
Woman in Gold,Bride of Frankenstein,Back to the Future Part II,For Love of the Game,To Kill a Mockingbird,The Prestige,Romeo and Juliet,Deadpool 2,El orfanato,Dunkirk,"Yes, based on your movie history, you would enjoy Dunkirk. It is a war movie that focuses on the evacuation of Allied soldiers from the beaches and harbor of Dunkirk, France during World War II. The movie is directed by Christopher Nolan and stars Tom Hardy, Cillian Murphy, and Mark Rylance. It is suspenseful and thrilling, with the tension of the soldiersâ€™ fight for survival and the intense battle scenes. Dunkirk also contains powerful moments of human emotion, with stories of hope and sacrifice. This movie is an incredibly immersive experience that will leave you with an appreciation for the courage and bravery of those who fought in the war.",,,,,,,,,,,,,,,,,,,,,,,,,,,,,,,,,,,,,,,,,,,,,,,,,,,,,,,,,,
Thirteen Lives,Kal Ho Naa Ho,Charade,Toy Story 4,Mulan,Bloodsport,Moonrise Kingdom,13 Hours,Star Wars: Episode VII - The Force Awakens,Varsity Blues,"Based on your history of watching movies, you may enjoy Varsity Blues. It is a football comedy-drama that follows the story of a small Texas town and the struggles of its high school football team, the West Canaan Coyotes. The movie features an array of characters, from the team's dedicated coach, to the team's star quarterback, to the town's star-crossed lovers. It has plenty of humor and drama, as well as a few heart-warming moments. As a fan of sports movies and movies with strong character relationships, this movie should be enjoyable for you.",,,,,,,,,,,,,,,,,,,,,,,,,,,,,,,,,,,,,,,,,,,,,,,,,,,,,,,,,,
Thirteen Lives,Kal Ho Naa Ho,Charade,Toy Story 4,Mulan,Bloodsport,Moonrise Kingdom,13 Hours,Star Wars: Episode VII - The Force Awakens,Hellboy,"Based on my history of watching movies, I believe that I would enjoy the movie Hellboy. It is an action-adventure movie with a supernatural twist, which I find interesting. The acting is top-notch, with good performances from David Harbour, Milla Jovovich, Ian McShane, and Daniel Dae Kim. The visuals are also stunning and the special effects are well done. The storyline is engaging and compelling, with a great mix of humor and excitement. If you enjoy a good action-adventure movie with a supernatural twist, I believe that Hellboy is a must-watch.",,,,,,,,,,,,,,,,,,,,,,,,,,,,,,,,,,,,,,,,,,,,,,,,,,,,,,,,,,
Thirteen Lives,Kal Ho Naa Ho,Charade,Toy Story 4,Mulan,Bloodsport,Moonrise Kingdom,13 Hours,Star Wars: Episode VII - The Force Awakens,Bend It Like Beckham,"Yes, you would enjoy Bend It Like Beckham based on your history. It is a coming-of-age movie about defying expectations, making dreams come true, and finding your identity, all themes explored in many of the movies you have already watched. It is a charming and uplifting story about a young girl who strives to excel in a sport traditionally only played by men. With strong performances, a great soundtrack, and a heart-warming story, this movie is a perfect fit for your tastes. It is sure to make you laugh, cry, and root for the characters.",,,,,,,,,,,,,,,,,,,,,,,,,,,,,,,,,,,,,,,,,,,,,,,,,,,,,,,,,,
Thirteen Lives,Kal Ho Naa Ho,Charade,Toy Story 4,Mulan,Bloodsport,Moonrise Kingdom,13 Hours,Star Wars: Episode VII - The Force Awakens,Ready or Not,"Yes, you would enjoy Ready or Not. Based on your movie history, you have a wide range of tastes, from romantic comedies like Kal Ho Naa Ho and Moonrise Kingdom to action movies like Bloodsport and 13 Hours. Ready or Not has a mix of genres, with horror and dark comedy elements. It's a thrilling ride with plenty of suspense and unexpected twists. Moreover, it's about a family that plays a deadly game of hide-and-seek, which makes it unique and engaging. If you're in the mood for a fun and thrilling movie, Ready or Not is a great choice.",,,,,,,,,,,,,,,,,,,,,,,,,,,,,,,,,,,,,,,,,,,,,,,,,,,,,,,,,,
Thirteen Lives,Kal Ho Naa Ho,Charade,Toy Story 4,Mulan,Bloodsport,Moonrise Kingdom,13 Hours,Star Wars: Episode VII - The Force Awakens,Crash,"Yes, based on your history of movies, I think you would enjoy Crash. The movie is a powerful, emotionally charged drama that explores themes of race, class and gender. It features a stellar ensemble cast including Sandra Bullock, Don Cheadle, and Matt Dillon, and the story is gripping and intense. The film is also filled with unexpected twists and turns that will keep you on the edge of your seat. Crash is an important reflection on the issues of race and class that still exist in our society today.",,,,,,,,,,,,,,,,,,,,,,,,,,,,,,,,,,,,,,,,,,,,,,,,,,,,,,,,,,
To Kill a Mockingbird,Finding Nemo,A Night at the Opera,TestrÃ¶l Ã©s lÃ©lekrÃ¶l,Thirteen Lives,PÃ¢fekuto burÃ»,Snow White and the Seven Dwarfs,Bubba Ho-Tep,The Killing Fields,Stick It,"Yes, I would definitely enjoy the movie Stick It based on my history of watching movies. It is a 2006 sports comedy drama film directed by Jessica Bendinger, which follows the story of a rebellious teenager who is forced to return to the world of gymnastics after being caught committing a crime. The movie combines elements of sports drama and comedy, which makes it very appealing to me. There are also some inspiring messages about following oneâ€™s dreams and working hard to achieve them. The movie also features amazing gymnastics scenes, which will make it more enjoyable for me.",,,,,,,,,,,,,,,,,,,,,,,,,,,,,,,,,,,,,,,,,,,,,,,,,,,,,,,,,,
To Kill a Mockingbird,Finding Nemo,A Night at the Opera,TestrÃ¶l Ã©s lÃ©lekrÃ¶l,Thirteen Lives,PÃ¢fekuto burÃ»,Snow White and the Seven Dwarfs,Bubba Ho-Tep,The Killing Fields,Don't Look Up,"If you are a fan of historical films, then Don't Look Up is definitely a movie worth watching. The film follows two astronomers who discover a comet that is set to collide with Earth, and their attempts to warn the world of the impending disaster. The movie is filled with a great cast of actors, and the story is both suspenseful and thought-provoking. With its thrilling plot and intense action, Don't Look Up is sure to keep viewers on the edge of their seats. Overall, Don't Look Up is a great movie for any fan of historical films.",,,,,,,,,,,,,,,,,,,,,,,,,,,,,,,,,,,,,,,,,,,,,,,,,,,,,,,,,,
To Kill a Mockingbird,Finding Nemo,A Night at the Opera,TestrÃ¶l Ã©s lÃ©lekrÃ¶l,Thirteen Lives,PÃ¢fekuto burÃ»,Snow White and the Seven Dwarfs,Bubba Ho-Tep,The Killing Fields,Nacho Libre,"Based on the history of the movies you have watched, you may enjoy Nacho Libre. This comedy follows the story of a Mexican priest turned luchador who teams up with a brother-in-law to create a wrestling team. It contains humor, physical comedy, and an uplifting message about friendship and courage. The slapstick humor and comedic visuals will appeal to those with a taste for lighthearted comedy, while the themes of friendship and courage will be inspiring for those looking for something a bit more meaningful. Additionally, the film is set in Mexico, and Learning about the culture and customs of a different country can be enjoyable. All in all, you may find Nacho Libre to be an entertaining and inspiring movie.",,,,,,,,,,,,,,,,,,,,,,,,,,,,,,,,,,,,,,,,,,,,,,,,,,,,,,,,,,
To Kill a Mockingbird,Finding Nemo,A Night at the Opera,TestrÃ¶l Ã©s lÃ©lekrÃ¶l,Thirteen Lives,PÃ¢fekuto burÃ»,Snow White and the Seven Dwarfs,Bubba Ho-Tep,The Killing Fields,The Imitation Game,"Yes, I believe I would enjoy The Imitation Game based on my history of watching movies. It is a story about Alan Turing and his team of code breakers as they attempt to crack the Nazi's Enigma code during World War II. It is a thrilling tale of suspense and intrigue that combines elements of history, science, and drama. The Imitation Game is a character-driven drama, with a perfect blend of suspense and emotion. It is a powerful story that enthralls and captivates viewers, while also providing them with an inspiring look at the power of perseverance. The Imitation Game is sure to be an enjoyable and thought-provoking experience.",,,,,,,,,,,,,,,,,,,,,,,,,,,,,,,,,,,,,,,,,,,,,,,,,,,,,,,,,,
To Kill a Mockingbird,Finding Nemo,A Night at the Opera,TestrÃ¶l Ã©s lÃ©lekrÃ¶l,Thirteen Lives,PÃ¢fekuto burÃ»,Snow White and the Seven Dwarfs,Bubba Ho-Tep,The Killing Fields,Coco,"Yes, I believe that I would enjoy the movie ""Coco"". This movie is a Pixar film, which I have enjoyed in the past. It follows the story of a young boy who dreams of becoming a musician, despite his family's generations-old ban on music. The movie is set in Mexico, so I'm sure it will be full of vibrant, traditional culture. The movie also deals with themes of family and identity, something that I can relate to. I'm sure I will also enjoy the stunning animation and fun music. All in all, I believe that ""Coco"" will be an entertaining and thought-provoking movie.",,,,,,,,,,,,,,,,,,,,,,,,,,,,,,,,,,,,,,,,,,,,,,,,,,,,,,,,,,
To Kill a Mockingbird,Finding Nemo,A Night at the Opera,TestrÃ¶l Ã©s lÃ©lekrÃ¶l,Thirteen Lives,PÃ¢fekuto burÃ»,Snow White and the Seven Dwarfs,Bubba Ho-Tep,The Killing Fields,The Lego Movie,"Yes, I think I would enjoy The Lego Movie based on my history of watching movies. It has a unique and creative story line that is sure to keep me entertained. Additionally, it is an animated movie, which I have enjoyed in the past. The Lego Movie also has a good mixture of action, comedy and moral lessons, which I have found enjoyable in other movies I have watched. Furthermore, the Lego Movie has garnered excellent reviews from critics, which gives me the confidence that I will enjoy it. Overall, I believe The Lego Movie is a movie that I would enjoy based on my history of watching movies.",,,,,,,,,,,,,,,,,,,,,,,,,,,,,,,,,,,,,,,,,,,,,,,,,,,,,,,,,,
To Kill a Mockingbird,Finding Nemo,A Night at the Opera,TestrÃ¶l Ã©s lÃ©lekrÃ¶l,Thirteen Lives,PÃ¢fekuto burÃ»,Snow White and the Seven Dwarfs,Bubba Ho-Tep,The Killing Fields,Mad Max: Fury Road,"I believe that I would enjoy Mad Max: Fury Road based on the movies I have watched in the past. The movie is an action-packed, non-stop adventure that features a post-apocalyptic desert wasteland and a powerful story that follows the adventures of Max Rockatansky. The film has a unique visual style and intense action sequences, which I am sure I would enjoy. Moreover, the movie has great cinematography and a very interesting story that explores themes of loyalty, power, and justice in a dystopian world. It also has a powerful soundtrack and excellent performances from the cast. All of these elements combine to make Mad Max: Fury Road an entertaining and engaging movie.",,,,,,,,,,,,,,,,,,,,,,,,,,,,,,,,,,,,,,,,,,,,,,,,,,,,,,,,,,
Se7en,Legends of the Fall,Ratatouille,Kicking & Screaming,Drishyam 2,Spider-Man 2,Toki o kakeru shÃ´jo,Ying xiong,Evil Dead II,Interstate 60: Episodes of the Road,"Yes, I believe that you would enjoy Interstate 60: Episodes of the Road. This movie is a comedic fantasy adventure that follows the journey of a young man in search of his purpose in life. It contains elements of fantasy, comedy, romance, and adventure that you have seen in the other movies that you have watched. The movie also includes themes of self-discovery, friendship, and courage, which you may find enjoyable. Overall, Interstate 60 is sure to be an entertaining and memorable ride.",,,,,,,,,,,,,,,,,,,,,,,,,,,,,,,,,,,,,,,,,,,,,,,,,,,,,,,,,,
Se7en,Legends of the Fall,Ratatouille,Kicking & Screaming,Drishyam 2,Spider-Man 2,Toki o kakeru shÃ´jo,Ying xiong,Evil Dead II,We Are Marshall,"Yes, you would likely enjoy the movie We Are Marshall based on your history. The movie is a sports drama based on a true story about the aftermath of a plane crash that killed most of the Marshall University football team and some of its fans. It follows the story of the team and community as they try to rebuild and heal from the tragedy. It is filled with inspiring moments, and is an uplifting story about overcoming obstacles, dealing with grief and loss, and finding hope. It is an emotional and moving film that will appeal to anyone who likes inspirational stories.",,,,,,,,,,,,,,,,,,,,,,,,,,,,,,,,,,,,,,,,,,,,,,,,,,,,,,,,,,
Se7en,Legends of the Fall,Ratatouille,Kicking & Screaming,Drishyam 2,Spider-Man 2,Toki o kakeru shÃ´jo,Ying xiong,Evil Dead II,Casablanca,"Yes, you would likely enjoy Casablanca. This classic movie is widely acclaimed for its witty dialogue, memorable characters, and romantic story. The movie follows Rick Blaine, a cynical American expatriate, who must choose between his love for a woman and helping her and her husband escape the Nazis. The movie is full of drama, romance, and intrigue, and it is a timeless classic. The performances by Humphrey Bogart, Ingrid Bergman, and Paul Henreid are legendary, and the memorable lines and music make this movie a must-see. With its timeless themes and classic style, Casablanca is sure to appeal to any fan of classic cinema.",,,,,,,,,,,,,,,,,,,,,,,,,,,,,,,,,,,,,,,,,,,,,,,,,,,,,,,,,,
Se7en,Legends of the Fall,Ratatouille,Kicking & Screaming,Drishyam 2,Spider-Man 2,Toki o kakeru shÃ´jo,Ying xiong,Evil Dead II,Saw,"Yes, I think you would enjoy the movie Saw based on your history of movies. It is a horror/thriller movie that features interesting and suspenseful plot twists. It also has some gore and violence, as well as psychological horror elements. The movie follows two men who are forced to participate in a game of life and death. It is a unique and intense movie that will keep you on your toes. In addition, it is a classic horror movie that has continued to influence other movies in the horror genre. If you're a fan of horror and thrillers, then Saw is definitely worth a watch.",,,,,,,,,,,,,,,,,,,,,,,,,,,,,,,,,,,,,,,,,,,,,,,,,,,,,,,,,,
Se7en,Legends of the Fall,Ratatouille,Kicking & Screaming,Drishyam 2,Spider-Man 2,Toki o kakeru shÃ´jo,Ying xiong,Evil Dead II,Dune: Part One,"Yes, based on your history of movies, you would likely enjoy Dune: Part One. It's a sci-fi epic set in a distant future, and follows Paul Atreides on an adventure to a strange planet. The movie features sweeping visuals and a gripping narrative, with a cast of characters that will keep you engaged throughout. The movie also features themes of religion, politics and ecology, making it an interesting and thought-provoking watch. All in all, Dune: Part One promises to be an exciting and thrilling experience for any fan of sci-fi movies.",,,,,,,,,,,,,,,,,,,,,,,,,,,,,,,,,,,,,,,,,,,,,,,,,,,,,,,,,,
Se7en,Legends of the Fall,Ratatouille,Kicking & Screaming,Drishyam 2,Spider-Man 2,Toki o kakeru shÃ´jo,Ying xiong,Evil Dead II,Outlaw King,"Yes, based on your viewing history, you would likely enjoy Outlaw King. This movie is an action-packed historical drama, telling the story of Robert the Bruce, a Scottish rebel leader against the oppressive English rule. With a combination of thrilling battle scenes and powerful emotional moments, Outlaw King provides a captivating viewing experience. The stunning Scottish landscapes and the excellent performances of Chris Pine, Aaron Taylor-Johnson and Florence Pugh will draw you into the story and make you feel like you are part of the struggle for freedom. Outlaw King is a must-see for anyone who enjoys great action and drama.",,,,,,,,,,,,,,,,,,,,,,,,,,,,,,,,,,,,,,,,,,,,,,,,,,,,,,,,,,
Se7en,Legends of the Fall,Ratatouille,Kicking & Screaming,Drishyam 2,Spider-Man 2,Toki o kakeru shÃ´jo,Ying xiong,Evil Dead II,Jacob's Ladder,"Yes, I believe you would enjoy Jacob's Ladder. It is a psychological thriller that follows the story of a Vietnam War veteran as he tries to make sense of his hallucinations, memories, and visions. With its intense and thought-provoking themes, this movie is sure to be a captivating experience for those who enjoy a slow-burn horror and psychological thriller. The movie contrasts the real world with a surrealistic, darker dream world and touches on themes of trauma, guilt, and loss, which are common in many of the movies you have watched. Additionally, the movie features great performances and an intense, eerie score that will keep you on the edge of your seat.",,,,,,,,,,,,,,,,,,,,,,,,,,,,,,,,,,,,,,,,,,,,,,,,,,,,,,,,,,
Se7en,Legends of the Fall,Ratatouille,Kicking & Screaming,Drishyam 2,Spider-Man 2,Toki o kakeru shÃ´jo,Ying xiong,Evil Dead II,How to Train Your Dragon,"Yes, I believe that I would enjoy How to Train Your Dragon based on my history of movies. I have watched movies with a wide range of genres, from action to comedy to drama to fantasy. How to Train Your Dragon is an animated fantasy adventure film, which combines elements of action and comedy, and it also has a lot of heart. It follows the story of a young Viking who teams up with a dragon to find his place in the world. The visuals and animation of the movie are stunning and the characters are likable and relatable. It is a great movie for both children and adults, and I believe that I would enjoy it.",,,,,,,,,,,,,,,,,,,,,,,,,,,,,,,,,,,,,,,,,,,,,,,,,,,,,,,,,,
Gandhi,"Se, jie",Secondhand Lions,Das Boot,Tropa de Elite 2: O Inimigo Agora Ã© Outro,Rise of the Guardians,Den 12. mann,Dallas Buyers Club,Puss in Boots: The Last Wish,Casino,"Yes, you would likely enjoy the movie Casino based on your history of enjoying movies with strong political and social themes. Casino is a crime drama based on the real-life story of mob-controlled casinos in Las Vegas. The film follows the rise and fall of a powerful mobster as he operates his casinos and tries to keep the FBI from uncovering his criminal activities. The movie features strong performances from Robert De Niro, Sharon Stone, and Joe Pesci, and its complex story and characters would likely keep you interested. Casino is sure to keep you engaged with its exploration of the dark side of human nature, the power of greed, and the consequences of corruption.",,,,,,,,,,,,,,,,,,,,,,,,,,,,,,,,,,,,,,,,,,,,,,,,,,,,,,,,,,
Gandhi,"Se, jie",Secondhand Lions,Das Boot,Tropa de Elite 2: O Inimigo Agora Ã© Outro,Rise of the Guardians,Den 12. mann,Dallas Buyers Club,Puss in Boots: The Last Wish,The Blues Brothers,"Yes, I believe you would enjoy The Blues Brothers. The movie is an iconic classic that is full of laughs and great music, making for an exciting and memorable viewing experience. The story follows two brothers who must reunite their old band and put on a show in order to save the orphanage they grew up in. The movie is full of nostalgia and references to classic rock and soul music, which you may have grown to appreciate from many of the other movies you have watched. Additionally, the movie has a strong focus on the importance of family and friendship, which resonates with many of the themes found in the other movies you have watched.",,,,,,,,,,,,,,,,,,,,,,,,,,,,,,,,,,,,,,,,,,,,,,,,,,,,,,,,,,
Gandhi,"Se, jie",Secondhand Lions,Das Boot,Tropa de Elite 2: O Inimigo Agora Ã© Outro,Rise of the Guardians,Den 12. mann,Dallas Buyers Club,Puss in Boots: The Last Wish,The Mitchells vs the Machines,"I would enjoy The Mitchells vs the Machines. It has a great blend of comedy, action, and heartfelt moments. It is a story about a family who must come together to fight a tech apocalypse. It is entertaining and engaging, with plenty of laughs and emotional moments. The movie also has an underlying theme of embracing technology, which is something I have come to appreciate after watching movies such as Se, Jie and Rise of the Guardians. The movie also features great visuals and a fantastic soundtrack, which make it even more enjoyable. Overall, The Mitchells vs the Machines is a great movie that I would highly recommend.",,,,,,,,,,,,,,,,,,,,,,,,,,,,,,,,,,,,,,,,,,,,,,,,,,,,,,,,,,
Gandhi,"Se, jie",Secondhand Lions,Das Boot,Tropa de Elite 2: O Inimigo Agora Ã© Outro,Rise of the Guardians,Den 12. mann,Dallas Buyers Club,Puss in Boots: The Last Wish,Ice Age: Dawn of the Dinosaurs,"Yes, I believe you would enjoy Ice Age: Dawn of the Dinosaurs. This movie is about a group of prehistoric creatures that must work together to save one of their own from an underground lost world. The movie is full of action, adventure, and comedy. The storyline is well thought out and the characters are both dynamic and amusing. The animation and visual effects are stunning and make the movie come to life. As a fan of historical movies, you would appreciate the mix of both fact and fantasy in this movie. Its visual imagery is incredibly captivating and its soundtrack is incredibly stirring. Ice Age: Dawn of the Dinosaurs is an exciting and enjoyable movie that is sure to please any fan of historical movies.",,,,,,,,,,,,,,,,,,,,,,,,,,,,,,,,,,,,,,,,,,,,,,,,,,,,,,,,,,
Gandhi,"Se, jie",Secondhand Lions,Das Boot,Tropa de Elite 2: O Inimigo Agora Ã© Outro,Rise of the Guardians,Den 12. mann,Dallas Buyers Club,Puss in Boots: The Last Wish,Training Day,"Yes, I believe that you would enjoy Training Day based on your movie history. Training Day is a crime thriller starring Denzel Washington and Ethan Hawke that follows two LAPD officers as they confront the realities of corruption on their first day together. The movie is full of tension and suspense, and the performances of Washington and Hawke are top-notch. The film touches upon themes of morality and justice, and explores the complex relationship between law enforcement and the criminal underworld. The movie features a great soundtrack, sharp dialogue, and thrilling action sequences that will keep you hooked from start to finish.",,,,,,,,,,,,,,,,,,,,,,,,,,,,,,,,,,,,,,,,,,,,,,,,,,,,,,,,,,
Gandhi,"Se, jie",Secondhand Lions,Das Boot,Tropa de Elite 2: O Inimigo Agora Ã© Outro,Rise of the Guardians,Den 12. mann,Dallas Buyers Club,Puss in Boots: The Last Wish,The Crucible,"Yes, I believe you will enjoy The Crucible. This movie is based on a historical play by Arthur Miller and tells the story of the Salem witch trials in 17th century Massachusetts. It explores themes of religion, superstition, guilt, and hysteria, and examines how a society can become so consumed by fear and panic that it can become willing to falsely accuse people of serious crimes. The Crucible is a powerful and moving story, and it is sure to leave you with a lasting impression.",,,,,,,,,,,,,,,,,,,,,,,,,,,,,,,,,,,,,,,,,,,,,,,,,,,,,,,,,,
Gandhi,"Se, jie",Secondhand Lions,Das Boot,Tropa de Elite 2: O Inimigo Agora Ã© Outro,Rise of the Guardians,Den 12. mann,Dallas Buyers Club,Puss in Boots: The Last Wish,All That Jazz,"Yes, I would probably enjoy All That Jazz. Based on the history of the movies I have watched, this musical drama seems to fit my interests. It revolves around a director and choreographer who is struggling with his career and personal life. It looks at the creative process of making a musical and the conflicts between art and life. The themes of ambition and creativity, as seen in Gandhi and Se, Jie, seem to be relevant to my taste. Additionally, the mix of tragedy and comedy, as seen in movies like Tropa de Elite 2 and Secondhand Lions, is something I would enjoy. All in all, I think All That Jazz would be a great movie for me to watch.",,,,,,,,,,,,,,,,,,,,,,,,,,,,,,,,,,,,,,,,,,,,,,,,,,,,,,,,,,
The Gentlemen,Toofaan,Toy Story 4,American Gangster,The Sound of Music,Batman Begins,Martyrs,The Brave Little Toaster,Balto,The Best Years of Our Lives,Black Hawk Down,"Yes, based on your history of movies, you would enjoy Black Hawk Down. It is an intense war drama, which can be appreciated by anyone from any background. The movie is based on a true story, so it has a certain level of realism and gravitas to it. The action is intense and the story is full of suspense. It is also a great character study, as it follows the soldiers and their relationships with each other. Furthermore, the movie has a strong moral message about courage, loyalty and honor in the face of extreme adversity.",,,,,,,,,,,,,,,,,,,,,,,,,,,,,,,,,,,,,,,,,,,,,,,,,,,,,,,,,
The Gentlemen,Toofaan,Toy Story 4,American Gangster,The Sound of Music,Batman Begins,Martyrs,The Brave Little Toaster,Balto,The Best Years of Our Lives,A Bug's Life,"Yes, I believe you would enjoy A Bug's Life based on your history of movie preferences. The movie is a computer-animated comedy-adventure film by Pixar and Walt Disney Pictures, which features an ant colony in a battle against grasshoppers. It has many elements that you have enjoyed in the movies you have watched, such as a strong plot, great characters, and an overall entertaining and humorous tone. The animation is also top-notch and the soundtrack is quite beautiful. On top of that, the movie has a strong message of friendship and courage, which is something that you may appreciate. All in all, A Bug's Life is a great movie that you would definitely enjoy.",,,,,,,,,,,,,,,,,,,,,,,,,,,,,,,,,,,,,,,,,,,,,,,,,,,,,,,,,
The Gentlemen,Toofaan,Toy Story 4,American Gangster,The Sound of Music,Batman Begins,Martyrs,The Brave Little Toaster,Balto,The Best Years of Our Lives,Glory,"Yes, based on your history of watching movies, I believe you would enjoy Glory. Glory is a drama set during the American Civil War and follows the story of the 54th Massachusetts Infantry Regiment, the first all-black volunteer company in the Union Army. It follows the regiment's journey from training to battle and their fight for freedom and recognition from their white officers and peers. It is an emotionally-charged movie that presents the struggles of the African-American soldiers during the Civil War, and it serves as a reminder of the bravery and patriotism of those who fought for freedom. The movie is full of powerful performances, intense battle sequences, and a moving soundtrack. Glory is sure to leave you inspired and motivated.",,,,,,,,,,,,,,,,,,,,,,,,,,,,,,,,,,,,,,,,,,,,,,,,,,,,,,,,,
The Gentlemen,Toofaan,Toy Story 4,American Gangster,The Sound of Music,Batman Begins,Martyrs,The Brave Little Toaster,Balto,The Best Years of Our Lives,The Best Years of Our Lives,"Yes, you would definitely enjoy The Best Years of Our Lives. It is a timeless classic that follows the struggles of three WWII veterans as they attempt to reintegrate into their civilian lives. It is an emotional story that explores the challenges faced by those returning from war, including PTSD, and the difficulty of finding purpose and meaning in a post-war world. The film also includes a number of powerful themes, such as the strength of family and community, and the importance of finding hope and joy in the midst of difficult times. The film is beautifully acted and directed, and its themes and messages are still relevant today.",,,,,,,,,,,,,,,,,,,,,,,,,,,,,,,,,,,,,,,,,,,,,,,,,,,,,,,,,
The Gentlemen,Toofaan,Toy Story 4,American Gangster,The Sound of Music,Batman Begins,Martyrs,The Brave Little Toaster,Balto,The Best Years of Our Lives,The Dirty Dozen,"Yes, you would enjoy The Dirty Dozen. It is an action-packed war movie with an intriguing and suspenseful plot. The story follows twelve hardened criminals who are recruited by the U.S. Army to take on a dangerous mission behind enemy lines. The characters have to overcome their differences, trust each other, and fight against all odds to complete the mission. It is an entertaining movie that will keep you on the edge of your seat. With its action-packed plot, intense characters, and unexpected twists, The Dirty Dozen is sure to be a hit for you.",,,,,,,,,,,,,,,,,,,,,,,,,,,,,,,,,,,,,,,,,,,,,,,,,,,,,,,,,
The Gentlemen,Toofaan,Toy Story 4,American Gangster,The Sound of Music,Batman Begins,Martyrs,The Brave Little Toaster,Balto,The Best Years of Our Lives,X-Men: Days of Future Past,"Based on your history of movies, you may enjoy X-Men: Days of Future Past. This movie is a superhero action-adventure film, with a strong focus on themes of morality and loyalty. It is set in a future world where mutants and humans are at war, and the only hope for the mutants lies in a time-traveling mission to change the past. The film features an all-star cast and boasts stunning special effects and thrilling action sequences. It also has a strong emotional core, as the heroes strive to protect their home and save the future. With a strong blend of action, drama, and morality, X-Men: Days of Future Past is sure to be an exciting and thought-provoking adventure.",,,,,,,,,,,,,,,,,,,,,,,,,,,,,,,,,,,,,,,,,,,,,,,,,,,,,,,,,
The Gentlemen,Toofaan,Toy Story 4,American Gangster,The Sound of Music,Batman Begins,Martyrs,The Brave Little Toaster,Balto,The Best Years of Our Lives,The Lives of Others,"Yes, I would enjoy The Lives of Others. It is a German drama set in the mid-1980s during the time of the Cold War. It explores the themes of surveillance, freedom, and morality in a post-totalitarian setting. It has an interesting and complex plot, strong acting performances, and an engaging soundtrack. It is a poignant film that will make you think about the power of surveillance and the moral implications of living in a society where the government has too much control. It is a thought-provoking movie that I would definitely recommend.",,,,,,,,,,,,,,,,,,,,,,,,,,,,,,,,,,,,,,,,,,,,,,,,,,,,,,,,,
The Gentlemen,Toofaan,Toy Story 4,American Gangster,The Sound of Music,Batman Begins,Martyrs,The Brave Little Toaster,Balto,The Best Years of Our Lives,Cleopatra,"Based on the movies you have watched, I think you will enjoy the movie Cleopatra. This historical epic follows the life of the legendary Queen of the Nile, from her ascension to the throne, to her relationship with Julius Caesar, and her eventual death. It is filled with drama, romance, and lavish sets and costumes. It is a great example of epic filmmaking and features some of the most iconic scenes in cinema history. It is sure to captivate you with its grandeur, as well as its emotional depth.",,,,,,,,,,,,,,,,,,,,,,,,,,,,,,,,,,,,,,,,,,,,,,,,,,,,,,,,,
The Gentlemen,Toofaan,Toy Story 4,American Gangster,The Sound of Music,Batman Begins,Martyrs,The Brave Little Toaster,Balto,The Best Years of Our Lives,Never Back Down,"If you are looking for an adrenaline pumping, action-packed movie, then never back down is the perfect choice. The story follows a young boy who is determined to become a martial arts champion and has to overcome personal challenges to reach his goal. The movie explores the themes of ambition and the power of determination. It also touches on the struggles of self-discovery and the importance of never giving up. The fight scenes are well-choreographed and the characters are engaging and likable. I think that, based on my history of watching movies such as American Gangster and Batman Begins, I would definitely enjoy this movie. It is an enjoyable and inspiring story that is sure to keep you entertained.",,,,,,,,,,,,,,,,,,,,,,,,,,,,,,,,,,,,,,,,,,,,,,,,,,,,,,,,,
Batman: Mask of the Phantasm,Only the Brave,A Woman Under the Influence,Ratatouille,Jai Bhim,The Banshees of Inisherin,The Fall,Jurassic Park,The Girl with the Dragon Tattoo,The Peanuts Movie,Zootopia,"Yes, I think I would enjoy the movie Zootopia based on my movie history. The movie follows a world populated by animals, where Judy Hopps, a bunny, strives to become the first rabbit police officer in the city of Zootopia. The movie follows Judy's journey as she navigates the challenges of the city and learns to work with a fox to uncover a conspiracy. The movie has a great mix of humour and social commentary, which are themes I have enjoyed in many of the movies I have watched. The animation is also very impressive and I think the creativity of the world presented in the movie will be a delight to watch.",,,,,,,,,,,,,,,,,,,,,,,,,,,,,,,,,,,,,,,,,,,,,,,,,,,,,,,,,
Batman: Mask of the Phantasm,Only the Brave,A Woman Under the Influence,Ratatouille,Jai Bhim,The Banshees of Inisherin,The Fall,Jurassic Park,The Girl with the Dragon Tattoo,The Peanuts Movie,The Fighter,"Yes, I think you would enjoy The Fighter. It is a powerful and inspiring film that tells the story of struggling boxer Micky Ward and his brother who help him rise from poverty to become a world champion. It has a strong cast with great performances from the likes of Mark Wahlberg, Christian Bale, Amy Adams and Melissa Leo. The Fighter is an uplifting and heart-warming story of dedication, courage and the triumph of the human spirit. It is sure to leave you feeling inspired.",,,,,,,,,,,,,,,,,,,,,,,,,,,,,,,,,,,,,,,,,,,,,,,,,,,,,,,,,
Batman: Mask of the Phantasm,Only the Brave,A Woman Under the Influence,Ratatouille,Jai Bhim,The Banshees of Inisherin,The Fall,Jurassic Park,The Girl with the Dragon Tattoo,The Peanuts Movie,Kung Fu Panda,"Based on my history of movies, I think I would enjoy Kung Fu Panda. It is an animated movie that has a unique and interesting concept, featuring the main character, Po, a panda who is a kung-fu enthusiast. It combines elements of martial arts, comedy, and adventure for a fun and entertaining movie. I like how it has a positive message about embracing one's weaknesses and turning them into strength. It also has an uplifting soundtrack and colorful animation that make it visually appealing. Overall, I think Kung Fu Panda will be a great choice for me.",,,,,,,,,,,,,,,,,,,,,,,,,,,,,,,,,,,,,,,,,,,,,,,,,,,,,,,,,
Batman: Mask of the Phantasm,Only the Brave,A Woman Under the Influence,Ratatouille,Jai Bhim,The Banshees of Inisherin,The Fall,Jurassic Park,The Girl with the Dragon Tattoo,The Peanuts Movie,Waves,"Yes, I think I would enjoy the movie Waves. With a strong focus on family drama and the challenges that come with it, I think the movie would be a good fit for me. It also looks to explore the themes of love, loss, and redemption which are topics I have enjoyed in other films. Additionally, the visuals and music in the movie are said to be very powerful, and I think that will draw me in and make it an even more enjoyable experience.",,,,,,,,,,,,,,,,,,,,,,,,,,,,,,,,,,,,,,,,,,,,,,,,,,,,,,,,,
The Princess Bride,The Shop Around the Corner,Shutter,Searching for Bobby Fischer,Badla,M - Eine Stadt sucht einen MÃ¶rder,Deliverance,Manhattan,A Dog's Purpose,The Bourne Ultimatum,"South Park: Bigger, Longer & Uncut","Yes, based on your history of movies, you would likely enjoy South Park: Bigger, Longer & Uncut. This movie is full of irreverent humor that will make you laugh. It is also a satirical movie that will make you think about societal issues and politics in a different way. The movie also has a musical element that can be enjoyed by those who appreciate musicals. The movie also touches on deeper themes like friendship and loyalty that can be appreciated by viewers who have seen other movies like The Princess Bride, The Shop Around the Corner, and Searching for Bobby Fischer.",,,,,,,,,,,,,,,,,,,,,,,,,,,,,,,,,,,,,,,,,,,,,,,,,,,,,,,,,
,,,,,,,,,,,,,,,,,,,,,,,,,,,,,,,,,,,,,,,,,,,,,,,,,,,,,,,,,,,,,,,,,,,,
,,,,,,,,,,,,,,,,,,,,,,,,,,,,,,,,,,,,,,,,,,,,,,,,,,,,,,,,,,,,,,,,,,,,
