Title,belongs_to_collection,genres,original_lang,overview,popularity,production_companies,production_countries,release_date,revenue,runtime,spoken langs,tagline,vote_average,vote_count,Unnamed: 15
13 Hours,0,"Horror, Thriller, Mystery",en,"As five underworld heavies settle in for an all night stay at an abandoned warehouse and former film studio, a series of bizarre and unsettling occurrences quickly lead them to believe they are not alone. It was supposed to be a simple night of babysitting a single hostage, but when a series of numbers began to appear on the walls things soon took a dark turn. Later, after the hostage escapes, the perplexed thugs not only learn that there is a rat in the ranks, but also discover the unsettling nature of the films that were shot in the warehouse. Now, as terror takes hold, the thieves are about to discover that they are being stalked from the shadows and that their odds of living to see daybreak are shrinking with each passing minute.Written by Jason Buchanan, All Movie Guide",3.657,Crotalus Productions,United States of America,28-10-2008,0,92,English,Their lives were snuffed out. . . now they're back for vengeance!,6.435,23.0,
X-Men,1,"Action, Adventure, Science Fiction, Fantasy",en,"After the re-emergence of the world's first mutant, world-destroyer Apocalypse, the X-Men must unite to defeat his extinction level plan.",38.642,"The Donners' Company, Bad Hat Harry Productions, Genre Films, Hutch Parker Entertainment, 20th Century Fox",United States of America,18-05-2016,543934787,144,"العربية, English, Deutsch, Polski, Pусский, Kiswahili",Only the strong will survive.,6.514,11952.0,
Minnal Murali,0,"Action, Comedy, Fantasy",ml,A tailor gains special powers after being struck by lightning but must take down an unexpected foe if he is to become the superhero his hometown in Kerala needs.,14.677,Weekend Blockbusters,India,16-12-2021,0,158,"English, ",,7.174,278.0,
KÃ´kaku KidÃ´tai,0,"Action, Adventure, Animation, Crime, Science Fiction, Thriller",ja,"An original story in the Ghost In The Shell franchise; an effort to the sensation of being in another world, meshing future technologies with art.  A World of Purity: Holy Ground. ""To end the war and protect my wife, I must delete you all…""  Japan, 2025. Technology has been advancing more and more rapidly.  ""Brain cyberization"" that makes possible direct connections to information networks via the brain, the technology of ""prosthetic bodies"" that allows humans to change their body parts into cybernetical ones; in this world where such scientific advances have become common, a bombing attack threat is sent to the Japanese government.  The target is an international meeting involving dignitaries from the Republic of Kuzan. The case is entrusted to the Ministry of Home Affairs' Public Security Section 9.  Section 9's leader, the full-cyborg Motoko Kusanagi, assembles her team and heads off to trap and eliminate the terrorist.",0.983,"Production I.G, Kodansha",Japan,02-02-2016,0,10,日本語,Experience a new sensation. The sensation of becoming someone else.,7.222,9.0,
District 9,0,Science Fiction,en,"Thirty years ago, aliens arrive on Earth. Not to conquer or give aid, but to find refuge from their dying planet. Separated from humans in a South African area called District 9, the aliens are managed by Multi-National United, which is unconcerned with the aliens' welfare but will do anything to master their advanced technology. When a company field agent contracts a mysterious virus that begins to alter his DNA, there is only one place he can hide: District 9.",35.042,"TriStar Pictures, Block / Hanson, WingNut Films, District 9","New Zealand, South Africa, United States of America",05-08-2009,210819611,112,"Afrikaans, , , , isiZulu, English",You are not welcome here.,7.414,8481.0,
"Aguirre, der Zorn Gottes",0,"Adventure, Drama, History",de,"A few decades after the destruction of the Inca Empire, a Spanish expedition led by the infamous Aguirre leaves the mountains of Peru and goes down the Amazon River in search of the lost city of El Dorado. When great difficulties arise, Aguirre’s men start to wonder whether their quest will lead them to prosperity or certain death.",15.289,"Werner Herzog Filmproduktion, HR","Germany, Mexico, Peru",29-12-1972,37041,95,"Español, , Deutsch",A breathtaking journey into the heart of darkness.,7.525,924.0,
The Martian,0,"Drama, Adventure, Science Fiction",en,"During a manned mission to Mars, Astronaut Mark Watney is presumed dead after a fierce storm and left behind by his crew. But Watney has survived and finds himself stranded and alone on the hostile planet. With only meager supplies, he must draw upon his ingenuity, wit and spirit to subsist and find a way to signal to Earth that he is alive.",44.871,"Scott Free Productions, Genre Films","United Kingdom, United States of America",30-09-2015,630600000,141,"English, 普通话",Bring Him Home,7.672,18104.0,
The Gentlemen,0,"Comedy, Crime, Action",en,"American expat Mickey Pearson has built a highly profitable marijuana empire in London. When word gets out that he’s looking to cash out of the business forever it triggers plots, schemes, bribery and blackmail in an attempt to steal his domain out from under him.",32.298,"Miramax, Toff Guy Films, STX Films","United States of America, United Kingdom",01-01-2020,115171795,113,English,Criminal. Class.,7.684,4846.0,
Batman: Mask of the Phantasm,1,"Action, Animation, Crime, Mystery",en,"When a powerful criminal, who is connected to Bruce Wayne's ex-girlfriend, blames the Dark Knight for killing a crime lord, Batman decides to fight against him.",15.166,Warner Bros. Family Entertainment,United States of America,25-12-1993,5617391,76,English,The Dark Knight fights to save Gotham city from its deadliest enemy.,7.5,919.0,
The Princess Bride,0,"Adventure, Family, Fantasy, Comedy, Romance",en,"In this enchantingly cracked fairy tale, the beautiful Princess Buttercup and the dashing Westley must overcome staggering odds to find happiness amid six-fingered swordsmen, murderous princes, Sicilians and rodents of unusual size. But even death can't stop these true lovebirds from triumphing.",21.804,"The Princess Bride Ltd., Buttercup Films Ltd., Act III Productions",United States of America,25-09-1987,30861665,99,English,It's as real as the feelings you feel.,7.661,4031.0,
The Wolf of Wall Street,0,"Crime, Drama, Comedy",en,"A New York stockbroker refuses to cooperate in a large securities fraud case involving corruption on Wall Street, corporate banking world and mob infiltration. Based on Jordan Belfort's autobiography.",155.116,"EMJAG Productions, Red Granite Pictures, Appian Way, Sikelia Productions",United States of America,25-12-2013,392000000,180,"English, Français",EARN. SPEND. PARTY.,8.036,21531.0,
In the Heat of the Night,1,"Crime, Drama, Mystery, Thriller",en,"African-American Philadelphia police detective Virgil Tibbs is arrested on suspicion of murder by Bill Gillespie, the racist police chief of tiny Sparta, Mississippi. After Tibbs proves not only his own innocence but that of another man, he joins forces with Gillespie to track down the real killer. Their investigation takes them through every social level of the town, with Tibbs making enemies as well as unlikely friends as he hunts for the truth.",15.512,"United Artists, The Mirisch Company",United States of America,02-08-1967,27379978,109,English,They got a murder on their hands. They don’t know what to do with it.,7.686,870.0,
Full Metal Jacket,0,"Drama, War",en,A pragmatic U.S. Marine observes the dehumanizing effects the U.S.-Vietnam War has on his fellow recruits from their brutal boot camp training to the bloody street fighting in Hue.,28.517,"Natant, Stanley Kubrick Productions, Warner Bros. Pictures","United Kingdom, United States of America",26-06-1987,46357676,117,"English, Tiếng Việt","Vietnam can kill me, but it can’t make me care.",8.14,9369.0,
Invasion of the Body Snatchers,0,"Horror, Science Fiction",en,"Matthew Bennell notices that several of his friends are complaining that their close relatives are in some way different. When questioned later they themselves seem changed, as they deny everything or make lame excuses. As the invaders increase in number they become more open and Bennell, who has by now witnessed an attempted 'replacement', realises that he and his friends must escape or suffer the same fate.",15.434,United Artists,United States of America,19-12-1978,24946533,116,"English, Français",Watch out! They get you while you're sleeping!,7.2,879.0,
The Asphalt Jungle,0,"Crime, Drama",en,"Recently paroled from prison, legendary burglar ""Doc"" Riedenschneider, with funding from Alonzo Emmerich, a crooked lawyer, gathers a small group of veteran criminals together in the Midwest for a big jewel heist.",11.205,Metro-Goldwyn-Mayer,United States of America,12-05-1950,0,112,English,The City Under the City,7.545,397.0,
Drishyam 2,1,"Crime, Thriller, Drama, Mystery",hi,"7 years after the case related to Vijay Salgaonkar and his family was closed, a series of unexpected events bring truth to light that threatens to change everything for the Salgaonkars. Can Vijay save his family this time?",8.2,"Viacom18 Studios, Panorama Studios, T-Series, Aashirvad Cinemas",India,18-11-2022,0,142,हिन्दी,,8.014,36.0,
Schindler's List,0,"Drama, History, War",en,The true story of how businessman Oskar Schindler saved over a thousand Jewish lives from the Nazis while they worked as slaves in his factory during World War II.,49.208,Amblin Entertainment,United States of America,15-12-1993,321365567,195,"Deutsch, Polski, עִבְרִית, English","Whoever saves one life, saves the world entire.",8.569,14036.0,
ByÃ´soku 5 senchimÃªtoru,0,"Animation, Drama, Family, Romance",ja,"Three moments in Takaki's life: his relationship with Akari and their forced separation; his friendship with Kanae, who is secretly in love with him; the demands and disappointments of adulthood, an unhappy life in a cold city.",29.102,CoMix Wave Films,Japan,03-03-2007,0,63,日本語,At what speed must I live to see you again?,7.3,1688.0,
Kill Bill: Vol. 2,1,"Action, Crime, Thriller",en,"The Bride unwaveringly continues on her roaring rampage of revenge against the band of assassins who had tried to kill her and her unborn child. She visits each of her former associates one-by-one, checking off the victims on her Death List Five until there's nothing left to do … but kill Bill.",23.118,"Super Cool ManChu, Miramax, A Band Apart",United States of America,16-04-2004,152159461,136,"English, 普通话, Español, 广州话 / 廣州話",The bride is back for the final cut.,7.877,12586.0,
Baazigar,0,"Crime, Thriller",hi,A young man with a vendetta against a business tycoon seduces and kills his eldest daughter and then proceeds to his younger daughter but she begins to suspect her new lover's ulterior motive.,6.936,"United Seven Combines, Venus Records & Tapes",India,12-11-1993,0,181,हिन्दी,,6.9,92.0,
Die Hard,1,"Action, Thriller",en,"NYPD cop John McClane's plan to reconcile with his estranged wife is thrown for a serious loop when, minutes after he arrives at her office, the entire building is overtaken by a group of terrorists. With little help from the LAPD, wisecracking McClane sets out to single-handedly rescue the hostages and bring the bad guys down.",42.444,"Gordon Company, Silver Pictures, 20th Century Fox",United States of America,15-07-1988,140767956,131,"English, Deutsch, Italiano",Twelve terrorists. One cop. The odds are against John McClane... That's just the way he likes it.,7.766,9892.0,
Bringing Up Baby,0,"Comedy, Romance",en,"David Huxley is waiting to get a bone he needs for his museum collection. Through a series of strange circumstances, he meets Susan Vance, and the duo have a series of misadventures which include a leopard called Baby.",10.194,RKO Radio Pictures,United States of America,18-02-1938,0,102,English,"And so begins the hilarious adventure of Professor David Huxley and Miss Susan Vance, a flutter-brained vixen with love in her heart!",7.564,833.0,
Les quatre cents coups,1,Drama,fr,"For young Parisian boy Antoine Doinel, life is one difficult situation after another. Surrounded by inconsiderate adults, including his neglectful parents, Antoine spends his days with his best friend, Rene, trying to plan for a better life. When one of their schemes goes awry, Antoine ends up in trouble with the law, leading to even more conflicts with unsympathetic authority figures.",16.278,"Les Films du Carrosse, Sédif Productions",France,03-06-1959,0,99,"English, Français",Angel faces hell-bent for violence.,8.071,1844.0,
Once,0,"Drama, Music, Romance",en,"A vacuum repairman moonlights as a street musician and hopes for his big break. One day a Czech immigrant, who earns a living selling flowers, approaches him with the news that she is also an aspiring singer-songwriter. The pair decide to collaborate, and the songs that they compose reflect the story of their blossoming love.",10.756,"Samson Films, Summit Entertainment, RTÉ, Fox Searchlight Pictures",Ireland,23-03-2007,20710513,85,"Český, English",How often do you find the right person?,7.391,1156.0,
Major,0,Documentary,en,"MAJOR! follows the life and campaigns of Miss Major Griffin-Gracy, a 73-year-old Black transgender woman who has been fighting for the rights of trans women of color for over 40 years.",1.328,Floating Ophelia Productions,United States of America,15-11-2015,0,91,English,,7.7,3.0,
Batman Begins,1,"Action, Crime, Drama",en,"Driven by tragedy, billionaire Bruce Wayne dedicates his life to uncovering and defeating the corruption that plagues his home, Gotham City.  Unable to work within the system, he instead creates a new identity, a symbol of fear for the criminal underworld - The Batman.",39.199,"Warner Bros. Pictures, DC Comics, Syncopy, Legendary Pictures, Patalex III Productions Limited","United Kingdom, United States of America",10-06-2005,374218673,140,"English, اردو, 普通话",Evil fears the knight.,7.695,18999.0,
Kai po che!,0,Drama,hi,Three friends growing up in India at the turn of the millennium set out to open a training academy to produce the country's next cricket stars.,6.885,UTV Motion Pictures,India,13-02-2013,0,126,हिन्दी,Brothers...For Life.,6.853,109.0,
Bakjwi,0,"Drama, Horror, Thriller",ko,"A respected priest volunteers for an experimental procedure that may lead to a cure for a deadly virus. He gets infected and dies, but a blood transfusion of unknown origin brings him back to life. Now, he’s torn between faith and bloodlust, and has a newfound desire for the wife of a childhood friend.",13.053,"CJ Entertainment, Moho Film, Focus Features, Focus Features International (FFI)",South Korea,30-04-2009,13085023,134,"English, 한국어/조선말, Français",Lusting after sinful pleasures.,7.063,774.0,
M - Eine Stadt sucht einen MÃ¶rder,0,"Drama, Action, Thriller, Crime",de,"In this classic German thriller, Hans Beckert, a serial killer who preys on children, becomes the focus of a massive Berlin police manhunt. Beckert's heinous crimes are so repellant and disruptive to city life that he is even targeted by others in the seedy underworld network. With both cops and criminals in pursuit, the murderer soon realizes that people are on his trail, sending him into a tense, panicked attempt to escape justice.",19.894,Nero-Film AG,Germany,11-05-1931,0,109,Deutsch,Who is the murderer?,8.101,1825.0,
Amadeus,0,"History, Music, Drama",en,"Wolfgang Amadeus Mozart is a remarkably talented young Viennese composer who unwittingly finds a fierce rival in the disciplined and determined Antonio Salieri. Resenting Mozart for both his hedonistic lifestyle and his undeniable talent, the highly religious Salieri is gradually consumed by his jealousy and becomes obsessed with Mozart's downfall, leading to a devious scheme that has dire consequences for both men.",20.368,"AMLF, The Saul Zaentz Company",United States of America,19-09-1984,51973029,180,"English, Deutsch, Italiano, Latin",Everything you've heard is true...,8.039,3685.0,
He Got Game,0,Drama,en,A basketball player's father must try to convince him to go to a college so he can get a shorter prison sentence.,11.266,"40 Acres and a Mule Filmworks, Touchstone Pictures",United States of America,01-05-1998,21567853,136,English,"The father, the son and the holy game.",6.753,608.0,
An American Werewolf in London,1,"Horror, Comedy",en,Two American tourists in England are attacked by a werewolf that none of the locals will admit exists.,28.189,"Universal Pictures, Guber/Peters Company, American Werewolf Inc., Lyncanthrope Films","United Kingdom, United States of America",21-08-1981,31973249,97,English,Beware the Moon.,7.362,2033.0,
Shrek 2,1,"Animation, Family, Comedy, Fantasy, Adventure, Romance",en,"Shrek, Fiona and Donkey set off to Far, Far Away to meet Fiona's mother and father. But not everyone is happy. Shrek and the King find it hard to get along, and there's tension in the marriage. The fairy godmother discovers that Shrek has married Fiona instead of her Son Prince Charming and sets about destroying their marriage.",75.662,"DreamWorks Pictures, Pacific Data Images, DreamWorks Animation",United States of America,19-05-2004,928760770,93,English,Once upon another time...,7.234,10978.0,
The Last King of Scotland,0,Drama,en,"Young Scottish doctor, Nicholas Garrigan decides it's time for an adventure after he finishes his formal education, so he decides to try his luck in Uganda, and arrives during the downfall of President Obote. General Idi Amin comes to power and asks Garrigan to become his personal doctor.",16.167,"Fox Searchlight Pictures, Cowboy Films, DNA Films, Scottish Screen, UK Film Council, Film4 Productions, Slate Films, Tatfilm","Germany, United Kingdom, United States of America",12-01-2006,48618191,123,"English, Français, Deutsch, Kiswahili",Charming. Magnetic. Murderous.,7.434,1831.0,
1408,0,"Horror, Mystery, Thriller",en,"A man who specializes in debunking paranormal occurrences checks into the fabled room 1408 in the Dolphin Hotel. Soon after settling in, he confronts genuine terror.",27.83,"di Bonaventura Pictures, Dimension Films, The Weinstein Company, Metro-Goldwyn-Mayer",United States of America,22-06-2007,132963417,104,English,The only demons in room 1408 are those within you.,6.665,3842.0,
Willy Wonka & the Chocolate Factory,0,"Family, Fantasy, Comedy",en,"When eccentric candy man Willy Wonka promises a lifetime supply of sweets and a tour of his chocolate factory to five lucky kids, penniless Charlie Bucket seeks the golden ticket that will make him a winner.",33.838,David L. Wolper Productions,United States of America,29-06-1971,4000000,100,"Français, English, Italiano, Deutsch",It's Scrumdidilyumptious!,7.478,2974.0,
Corpse Bride,0,"Romance, Fantasy, Animation",en,"Set in a 19th-century European village, this stop-motion animation feature follows the story of Victor, a young man whisked away to the underworld and wed to a mysterious corpse bride, while his real bride Victoria waits bereft in the land of the living.",56.453,"Tim Burton Productions, Laika Entertainment, Patalex Productions, Warner Bros. Pictures, Will Vinton Studios, Tim Burton Animation Company",United States of America,12-09-2005,118133252,77,English,There's been a grave misunderstanding.,7.515,7955.0,
Mystic River,0,"Thriller, Crime, Drama, Mystery",en,The lives of three men who were childhood friends are shattered when one of them suffers a family tragedy.,25.743,"Warner Bros. Pictures, Village Roadshow Pictures, NPV Entertainment, Malpaso Productions",United States of America,20-02-2003,156822020,138,English,"We bury our sins, we wash them clean.",7.746,5789.0,
"Lock, Stock and Two Smoking Barrels",0,"Comedy, Crime",en,A card shark and his unwillingly-enlisted friends need to make a lot of cash quick after losing a sketchy poker match. To do this they decide to pull a heist on a small-time gang who happen to be operating out of the flat next door.,10.525,"Summit Entertainment, The Steve Tisch Company, SKA Films, PolyGram Filmed Entertainment, HandMade Films","United Kingdom, United States of America",28-08-1998,28356188,105,English,A Disgrace to Criminals Everywhere.,8.133,5905.0,
Pi,1,"Family, Action, Adventure",nl,"The pirates feel right at home in Sandborough, but the atmosphere cools right down when the ninjas come to live in the street. After all, pirates and ninjas are sworn enemies!  While pirate captain Hector Blunderbuss struggles to get rid of his new neighbours, son Billy and ninja daughter Yuka become friends. The pirates challenge the ninjas to the ultimate battle at the village's annual hexathlon. Who will win the match? Ninjas are faster and more agile of course, but pirates are the best cheats in all of the seven seas...",561.349,"Johan Nijenhuis & Co (NL), EO  -  EO (NL)",Netherlands,20-04-2022,0,89,Nederlands,,6.892,60.0,
The Long Goodbye,0,"Crime, Mystery, Thriller, Comedy",en,"In 1970s Hollywood, Detective Philip Marlowe tries to help a friend who is accused of murdering his wife.",8.694,"E-K-Corporation, United Artists, Lion's Gate Films",United States of America,07-03-1973,959000,112,"English, Español",Nothing says goodbye like a bullet…,7.457,492.0,
The Count of Monte Cristo,0,"Adventure, Drama, History",en,"Edmond Dantés's life and plans to marry the beautiful Mercedes are shattered when his best friend, Fernand, deceives him. After spending 13 miserable years in prison, Dantés escapes with the help of a fellow inmate and plots his revenge, cleverly insinuating himself into the French nobility.",27.312,"Touchstone Pictures, Spyglass Entertainment, World 2000 Entertainment, Count of Monte Cristo Ltd.",United States of America,23-01-2002,75395048,131,"English, Español, Italiano",Prepare for adventure. Count on revenge.,7.655,1539.0,
Hedwig and the Angry Inch,0,"Comedy, Music, Drama",en,"Raised a boy in East Berlin, Hedwig undergoes a personal transformation in order to emigrate to the U.S., where she reinvents herself as an “internationally ignored” but divinely talented rock diva, inhabiting a “beautiful gender of one.”",9.547,"New Line Cinema, Killer Films","Canada, United States of America",20-07-2001,0,95,"English, Deutsch",An anatomically incorrect rock odyssey,7.442,319.0,
Barry Lyndon,0,"Drama, Romance, War",en,"An Irish rogue uses his cunning and wit to work his way up the social classes of 18th century England, transforming himself from the humble Redmond Barry into the noble Barry Lyndon.",14.941,"Hawk Films, Peregrine, Warner Bros. Pictures","United Kingdom, United States of America",26-11-1975,198992,185,"Deutsch, Français, English",At long last Redmond Barry became a gentleman—and that was his tragedy.,8.012,2440.0,
Men in Black,1,"Action, Adventure, Comedy, Science Fiction",en,"After a police chase with an otherworldly being, a New York City cop is recruited as an agent in a top-secret organization established to monitor and police alien activity on Earth: the Men in Black. Agent Kay and new recruit Agent Jay find themselves in the middle of a deadly plot by an intergalactic terrorist who has arrived on Earth to assassinate two ambassadors from opposing galaxies.",35.115,"Columbia Pictures, Amblin Entertainment, Parkes+MacDonald Image Nation",United States of America,02-07-1997,589390539,98,"English, Español",Protecting the Earth from the scum of the universe.,7.18,12470.0,
Rocky Balboa,1,Drama,en,"His Wife is dead and his Son hates him but this old man still has fight in him!  When he loses a highly publicized virtual boxing match to ex-champ Rocky Balboa, reigning heavyweight titleholder Mason Dixon retaliates by challenging Rocky to a nationally televised, 10-round exhibition bout. To the surprise of his son and friends, Rocky agrees to come out of retirement and face an opponent who's faster, stronger, and thirty years his junior.",31.895,"Rogue Marble, Columbia Pictures, Revolution Studios, Metro-Goldwyn-Mayer, Winkler Films",United States of America,20-12-2006,155929020,101,"English, ქართული, Español",It ain't over 'til it's over.,6.834,3050.0,
As Good as It Gets,0,"Drama, Comedy, Romance",en,"Melvin Udall, a cranky, bigoted, obsessive-compulsive writer of romantic fiction, is rude to everyone he meets, including his gay neighbor, Simon. After Simon is hospitalized, Melvin finds his life turned upside down when he has to look after Simon's dog. In addition, Carol, the only waitress at the local diner who will tolerate him, must leave work to care for her sick son, making it impossible for Melvin to eat breakfast.",18.77,"Gracie Films, TriStar Pictures, Sony Pictures",United States of America,19-12-1997,314178011,139,English,A comedy from the heart that goes for the throat. Brace yourself for Melvin.,7.393,3339.0,
Talvar,0,"Thriller, Drama, Mystery",hi,A hardened cop deals with three conflicting perspectives involving a brutal double murder. The case is complicated as the prime suspects are the parents who supposedly killed their teenage daughter.,8.33,"Vishal Bhardwaj Pictures, Jar Pictures, Junglee Pictures",India,14-09-2015,0,132,"English, हिन्दी",,7.493,136.0,
Incredibles 2,1,"Action, Adventure, Animation, Family",en,"Elastigirl springs into action to save the day, while Mr. Incredible faces his greatest challenge yet – taking care of the problems of his three children.",54.657,"Walt Disney Pictures, Pixar",United States of America,14-06-2018,1242805359,118,English,Back to work.,7.486,11753.0,
Sanju,1,"Drama, Action, Comedy",ja,"Toshiro Mifune swaggers and snarls to brilliant comic effect in Kurosawa's tightly paced, beautifully composed ""Sanjuro."" In this companion piece and sequel to ""Yojimbo,"" jaded samurai Sanjuro helps an idealistic group of young warriors weed out their clan's evil influences, and in the process turns their image of a proper samurai on its ear.",13.852,TOHO,Japan,01-01-1962,0,96,日本語,Akira Kurosawa's Powerful and Newest Japanese Masterpiece,7.972,498.0,
Thor: Ragnarok,1,"Action, Adventure, Fantasy, Science Fiction, Comedy",en,"Thor is imprisoned on the other side of the universe and finds himself in a race against time to get back to Asgard to stop Ragnarok, the destruction of his home-world and the end of Asgardian civilization, at the hands of a powerful new threat, the ruthless Hela.",66.288,Marvel Studios,United States of America,24-10-2017,855301806,131,English,No Hammer. No Problem.,7.599,19052.0,
Freedom Writers,0,"Crime, Drama",en,"A young teacher inspires her class of at-risk students to learn tolerance, apply themselves, and pursue education beyond high school.",21.107,"Double Feature Films, Jersey Films, Kernos Filmproduktionsgesellschaft & Company","Germany, United States of America",05-01-2007,43095175,123,"Español, English",Their story. Their world. Their future.,7.923,1953.0,
Modern Times,0,"Comedy, Drama",en,The Tramp struggles to live in modern industrial society with the help of a young homeless woman.,18.724,"Charles Chaplin Productions, United Artists",United States of America,05-02-1936,0,87,English,"He stands alone as the greatest entertainer of modern times! No one on earth can make you laugh as heartily or touch your heart as deeply...the whole world laughs, cries and thrills to his priceless genius!",8.305,3264.0,
To Have and Have Not,0,"Adventure, Romance, War, Drama",en,A Martinique charter boat skipper gets mixed up with the underground French resistance operatives during WWII.,9.248,Warner Bros. Pictures,United States of America,20-01-1945,3650000,100,"English, Français",TALK ABOUT T.N.T! THIS is IT!,7.5,434.0,
The Courier,0,"Thriller, History, Drama, Action",en,Cold War spy Greville Wynne and his Russian source try to put an end to the Cuban Missile Crisis.,25.985,"SunnyMarch, 42, FilmNation Entertainment, Lionsgate, Roadside Attractions","United Kingdom, United States of America",24-01-2020,26000000,112,"English, Pусский",Based on the incredible true story of a businessman turned spy.,7.043,908.0,
Tenacious D in The Pick of Destiny,0,"Comedy, Music",en,"In Venice Beach, naive Midwesterner JB bonds with local slacker KG and they form the rock band Tenacious D. Setting out to become the world's greatest band is no easy feat, so they set out to steal what could be the answer to their prayers... a magical guitar pick housed in a rock-and-roll museum some 300 miles away.",26.774,"New Line Cinema, Red Hour",United States of America,22-11-2006,13405595,93,English,An epic quest. A magical guitar pick. A chance to put the D in Destiny.,6.715,1375.0,
Waking Life,0,"Animation, Drama, Fantasy",en,"Waking Life is about a young man in a persistent lucid dream-like state. The film follows its protagonist as he initially observes and later participates in philosophical discussions that weave together issues like reality, free will, our relationships with others, and the meaning of life.",13.359,"Line Research, Fox Searchlight Pictures, Thousand Words, Flat Black Films, Detour Filmproduction, Independent Film Channel",United States of America,19-10-2001,3176880,99,English,Dreams. What are they? An escape from reality or reality itself?,7.506,776.0,
La leggenda del pianista sull'oceano,0,"Drama, Music, Romance",it,"The story of a virtuoso piano player who lives his entire life aboard an ocean liner. Born and raised on the ship, 1900 (Tim Roth) learned about the outside world through interactions with passengers, never setting foot on land, even for the love of his life. Years later, the ship may be destroyed, and a former band member fears that 1900 may still be aboard, willing to go down with the ship.",21.236,"Medusa Film, Sciarlò",Italy,28-10-1998,21057208,170,"English, Français, Italiano",An epic story of a man who could do anything... except be ordinary,8.279,2019.0,
Gangs of Wasseypur,1,"Action, Thriller, Crime",hi,"In 1970s India, a young man vows to take revenge on the man who killed his father decades earlier.",10.749,"Anurag Kashyap Films, Jar Pictures",India,22-06-2012,4100000,160,हिन्दी,,7.2,306.0,
Ali,0,Drama,en,"In 1964, a brash, new pro boxer, fresh from his Olympic gold medal victory, explodes onto the scene: Cassius Clay. Bold and outspoken, he cuts an entirely new image for African Americans in sport with his proud public self-confidence and his unapologetic belief that he is the greatest boxer of all time. Yet at the top of his game, both Ali's personal and professional lives face the ultimate test.",14.956,"Columbia Pictures, Initial Entertainment Group, Forward Pass, Moonlighting Films, Overbrook Entertainment, Peters Entertainment","South Africa, United States of America",10-12-2001,87713825,157,English,Float like a butterfly and sting like a bee.,6.778,1499.0,
The Big Lebowski,0,"Comedy, Crime",en,"Jeffrey 'The Dude' Lebowski, a Los Angeles slacker who only wants to bowl and drink White Russians, is mistaken for another Jeffrey Lebowski, a wheelchair-bound millionaire, and finds himself dragged into a strange series of events involving nihilists, adult film producers, ferrets, errant toes, and large sums of money.",22.849,"Gramercy Pictures, PolyGram Filmed Entertainment, Working Title Films","United Kingdom, United States of America",06-03-1998,46969409,117,"English, עִבְרִית, Español, Deutsch",Times like these call for a Big Lebowski.,7.844,10076.0,
Tau ming chong,0,"Action, Drama, History",zh,"A heroic tale of three blood brothers and their struggle in the midst of war and political upheaval. It is based on ""The Assassination of Ma,"" a Qing Dynasty (1644-1911) story about the killing of general Ma Xinyi.",13.945,"China Film Group Corporation, Applause Pictures, Media Asia Films, Beijing Jinyinma Movie & TV Culture Co., Stellar Mega Films, Chengtian Entertainment, Morgan & Chan Films, Talent Aid International, Bona Film Group","China, Hong Kong",12-12-2007,0,126,普通话,,6.728,270.0,
Lone Star,0,"Drama, Mystery, Romance",en,"When the skeleton of his murdered predecessor is found, Sheriff Sam Deeds unearths many other long-buried secrets in his Texas border town.",8.087,"Castle Rock Entertainment, Rio Dulce",United States of America,21-06-1996,13269963,135,"Español, English",John Sayles invites you to return to the scene of the crime.,6.998,288.0,
Eternal Sunshine of the Spotless Mind,0,"Science Fiction, Drama, Romance",en,"Joel Barish, heartbroken that his girlfriend underwent a procedure to erase him from her memory, decides to do the same. However, as he watches his memories of her fade away, he realises that he still loves her, and may be too late to correct his mistake.",39.128,"Focus Features, Anonymous Content, This Is That Productions",United States of America,19-03-2004,72258126,108,English,You can erase someone from your mind. Getting them out of your heart is another story.,8.1,13332.0,
United 93,0,"Drama, History, Crime, Thriller, Action",en,"A real-time account of the events on United Flight 93, one of the planes hijacked on 9/11 that crashed near Shanksville, Pennsylvania when passengers foiled the terrorist plot.",11.214,"Sidney Kimmel Entertainment, Working Title Films, StudioCanal","France, United Kingdom, United States of America",28-04-2006,76286096,111,"English, العربية, Deutsch","September 11, 2001. Four planes were hijacked. Three of them reached their target. This is the story of the fourth.",7.13,1274.0,
Ghostbusters,0,"Action, Fantasy, Comedy",en,"Following a ghost invasion of Manhattan, paranormal enthusiasts Erin Gilbert and Abby Yates, nuclear engineer Jillian Holtzmann, and subway worker Patty Tolan band together to stop the otherworldly threat.",34.186,"Ghost Corps, Columbia Pictures, Village Roadshow Pictures, LStar Capital, Feigco Entertainment, Pascal Pictures, The Montecito Picture Company",United States of America,14-07-2016,229147509,117,English,Who You Gonna Call?,5.369,5833.0,
Happy Feet,1,"Animation, Comedy, Family",en,"Into the world of the Emperor Penguins, who find their soul mates through song, a penguin is born who cannot sing. But he can tap dance something fierce!",43.118,"Kennedy Miller Productions, Animal Logic",Australia,16-11-2006,384335608,108,English,WARNING: May Cause Toe-Tapping.,6.16,4608.0,
Busanhaeng,1,"Horror, Thriller, Adventure, Action",ko,"When a zombie virus pushes Korea into a state of emergency, those trapped on an express train to Busan must fight for their own survival.",52.245,"Next Entertainment World, RedPeter Film, Contents Panda, Union Investment Partners, KTB Network, Korean Film Council",South Korea,20-07-2016,87547518,118,한국어/조선말,Life-or-death survival begins.,7.759,6378.0,
Yip Man 2,0,"Action, Crime, Drama",cn,"Following his defeat by Master Ip, Cheung Tin Chi tries to make a life with his young son in Hong Kong, waiting tables at a bar that caters to expats. But it's not long before the mix of foreigners, money, and triad leaders draw him once again to the fight.",22.597,"Mandarin Motion Pictures Limited, Golden Harvest Company","China, Hong Kong",20-12-2018,21832649,107,"English, 广州话 / 廣州話, 普通话",,6.239,425.0,
Il postino,0,"Comedy, Drama, Romance",it,Simple Italian postman learns to love poetry while delivering mail to a famous poet, he uses this to woo local beauty Beatrice.,,"Esterno Mediterraneo Film, Cecchi Gori Group Tiger Cinematografica, K2 Two, Blue Dahlia Productions, Penta Film","[{'iso_3166_1': 'BE', 'name': 'Belgium'}, {'iso_3166_1': 'FR', 'name': 'France'}, {'iso_3166_1': 'IT', 'name': 'Italy'}]",07-04-1994,0,,"[{'english_name': 'Italian', 'iso_639_1': 'it', 'name': 'Italiano'}, {'english_name': 'Spanish', 'iso_639_1': 'es', 'name': 'Español'}]",Dreams do come true.,7.945,1024.0
How to Train Your Dragon,1,"Fantasy, Adventure, Animation, Family",en,"As the son of a Viking leader on the cusp of manhood, shy Hiccup Horrendous Haddock III faces a rite of passage: he must kill a dragon to prove his warrior mettle. But after downing a feared dragon, he realizes that he no longer wants to destroy it, and instead befriends the beast – which he names Toothless – much to the chagrin of his warrior father.",43.028,"DreamWorks Animation, Paramount",United States of America,18-03-2010,494879471,98,English,One adventure will change two worlds,7.806,11762.0,
Liger,0,"Action, Romance",te,"The journey of Liger, from Karimnagar to Mumbai, from a nobody to a competitor, in his search for recognition while navigating his weaknesses, relationships, and love life.",4.532,"Dharma Productions, Puri Connects",India,25-08-2022,0,138,తెలుగు,Saala Crossbreed,4.818,11.0,
K.G.F: Chapter 2,1,"Action, Crime, Drama",kn,"The blood-soaked land of Kolar Gold Fields (KGF) has a new overlord now - Rocky, whose name strikes fear in the heart of his foes. His allies look up to Rocky as their Savior, the government sees him as a threat to law and order; enemies are clamoring for revenge and conspiring for his downfall. Bloodier battles and darker days await as Rocky continues on his quest for unchallenged supremacy.",13.285,"Hombale Films, Vaaraahi Chalana Chitram, Excel Entertainment",India,14-04-2022,90410749,168,?????,The World Is My Territory,7.632,102.0,
The Secret of Kells,0,"Animation, Family, Fantasy",en,"Adventure awaits 12 year old Brendan who must fight Vikings and a serpent god to find a crystal and complete the legendary Book of Kells. In order to finish Brother Aiden's book, Brendan must overcome his deepest fears on a secret quest that will take him beyond the abbey walls and into the enchanted forest where dangerous mythical creatures hide. Will Brendan succeed in his quest?",14.257,"Cartoon Saloon, Gébéka Films, Les Armateurs, Vivi Film, France 2 Cinéma","Belgium, France, Ireland",09-02-2009,1803412,75,English,Turn the darkness into light,7.425,577.0,
Stan & Ollie,0,"Comedy, Drama",en,"With their golden era long behind them, comedy duo Stan Laurel and Oliver Hardy embark on a variety hall tour of Britain and Ireland. Despite the pressures of a hectic schedule, and with the support of their wives Lucille and Ida – a formidable double act in their own right – the pair's love of performing, as well as for each other, endures as they secure their place in the hearts of their adoring public",11.3,"Fable Pictures, Entertainment One, Baby Cow Productions, Sonesta Films, BBC Film, Laurel and Hardy Feature Productions, Sony Pictures Classics, Entertainment One Features","Canada, United Kingdom, United States of America",28-12-2018,24420923,98,English,The untold story of the world's greatest comedy act.,6.972,935.0,
Lionheart,0,Action,en,"Lyon Gaultier is a deserter in the Foreign Legion arriving in the USA entirely hard up. He finds his brother between life and death and his sister-in-law without the money needed to heal her husband and to maintain her child. To earn the money needed, Gaultier decides to take part in some very dangerous clandestine fights.",41.51,"Universal Pictures, Imperial Filmproduktion",United States of America,07-06-1990,24271196,105,"Español, English",When the streets are a jungle... There can only be one king.,6.52,883.0,
Pride & Prejudice,0,"Drama, Romance",en,"A story of love and life among the landed English gentry during the Georgian era. Mr. Bennet is a gentleman living in Hertfordshire with his overbearing wife and five daughters, but if he dies their house will be inherited by a distant cousin whom they have never met, so the family's future happiness and security is dependent on the daughters making good marriages.",37.024,"Focus Features, Universal Pictures, StudioCanal, Working Title Films, Scion Films","France, United Kingdom, United States of America",16-09-2005,121616555,127,English,A romance ahead of its time.,8.086,7116.0,
Greyhound,1,"War, Action, Drama",en,"A first-time captain leads a convoy of allied ships carrying thousands of soldiers across the treacherous waters of the “Black Pit” to the front lines of WW2. With no air cover protection for 5 days, the captain and his convoy must battle the surrounding enemy Nazi U-boats in order to give the allies a chance to win the war.",29.039,"Playtone, Bron Studios, FilmNation Entertainment, Sycamore Pictures, Zhengfu Pictures, Sony Pictures, Stage 6 Films","Canada, China, United States of America",10-07-2020,0,91,English,The only thing more dangerous than the front lines was the fight to get there.,7.417,2435.0,
The Prince of Egypt,1,"Adventure, Animation, Drama, Family",en,"This is the extraordinary tale of two brothers named Moses and Ramses, one born of royal blood, and one an orphan with a secret past. Growing up the best of friends, they share a strong bond of free-spirited youth and good-natured rivalry. But the truth will ultimately set them at odds, as one becomes the ruler of the most powerful empire on earth, and the other the chosen leader of his people! Their final confrontation will forever change their lives and the world.",37.731,"DreamWorks Animation, DreamWorks Pictures",United States of America,16-12-1998,218613188,99,"עִבְרִית, English",The Power Is Real. The Story is Forever. The Time is Now.,7.243,3528.0,
Avengers: Endgame,1,"Adventure, Science Fiction, Action",en,"After the devastating events of Avengers: Infinity War, the universe is in ruins due to the efforts of the Mad Titan, Thanos. With the help of remaining allies, the Avengers must assemble once more in order to undo Thanos' actions and restore order to the universe once and for all, no matter what consequences may be in store.",93.93,Marvel Studios,United States of America,24-04-2019,2794731755,181,"English, 日本語, ",Avenge the fallen.,8.267,23106.0,
Trois couleurs: Rouge,1,"Drama, Mystery, Romance",fr,"Valentine, a student model in Geneva, struggles with a possessive boyfriend and a troubled family. When she runs over a dog, she discovers that its owner, a retired judge, is illegally wiretapping and eavesdropping on his neighbors' phone calls. Although Valentine is outraged, she develops a strange bond with the judge – and as the two become closer, she finds herself caught in the middle of events that could change her life.",17.285,"Zespół Filmowy TOR, Le Studio Canal+, France 3 Cinéma, TSR","France, Poland, Switzerland",12-05-1994,0,100,Français,,8,1161.0,
The Brave Little Toaster,1,"Fantasy, Adventure, Animation, Comedy, Family, Music",en,"A group of dated appliances, finding themselves stranded in a summer home that their family had just sold, decide to seek their young 8 year old ""master"".",13.616,"The Kushner-Locke Company, Hyperion Pictures, Walt Disney Pictures",United States of America,09-07-1987,0,90,"English, Español, Polski",Plug into the adventure!,6.9,365.0,
Harry Potter and the Prisoner of Azkaban,1,"Adventure, Fantasy",en,"Year three at Hogwarts means new fun and challenges as Harry learns the delicate art of approaching a Hippogriff, transforming shape-shifting Boggarts into hilarity and even turning back time. But the term also brings danger: soul-sucking Dementors hover over the school, an ally of the accursed He-Who-Cannot-Be-Named lurks within the castle walls, and fearsome wizard Sirius Black escapes Azkaban. And Harry will confront them all.",97.068,"Warner Bros. Pictures, 1492 Pictures, Heyday Films, P of A Productions Limited","United Kingdom, United States of America",31-05-2004,789804554,141,English,Something wicked this way comes.,8.022,19470.0,
The Fault in Our Stars,0,"Romance, Drama",en,"Despite the tumor-shrinking medical miracle that has bought her a few years, Hazel has never been anything but terminal, her final chapter inscribed upon diagnosis. But when a patient named Augustus Waters suddenly appears at Cancer Kid Support Group, Hazel's story is about to be completely rewritten.",30.017,"TSG Entertainment, Fox 2000 Pictures, Temple Hill Entertainment",United States of America,16-05-2014,307166834,126,English,,7.6,10466.0,
Frida,0,"Drama, Romance",en,"A biography of artist Frida Kahlo, who channeled the pain of a crippling injury and her tempestuous marriage into her work.",10.432,"Miramax, Lions Gate Films, Ventanarosa Productions, Handprint Entertainment","Canada, Mexico, United States of America",29-08-2002,56298474,123,"Français, English, Pусский",Prepare to be seduced.,7.431,1855.0,
Kill Bill: Vol. 1,1,"Action, Crime",en,"An assassin is shot by her ruthless employer, Bill, and other members of their assassination circle – but she lives to plot her vengeance.",32.744,"Miramax, A Band Apart, Super Cool ManChu",United States of America,10-10-2003,180906076,111,"English, 日本語, Français",A roaring rampage of revenge.,7.97,15759.0,
Dom za vesanje,0,"Drama, Comedy, Crime, Fantasy",sh,"In this luminous tale set in the former Yugoslavia, Perhan, an engaging young Romany with telekinetic powers, is seduced by the quick-cash world of petty crime that threatens to destroy him and those he loves.",10.045,"Ljubavny Film, Kinema Sarajevo, Televizija Sarajevo","Italy, United Kingdom, Yugoslavia",21-12-1988,0,142,,,7.7,308.0,
A Wednesday,0,"Drama, Thriller",hi,"A retired police commissioner recounts the most memorable case of his career, wherein he was informed about a bomb scare in Mumbai.",7.148,UTV Motion Pictures,India,05-09-2008,3500000,103,हिन्दी,,7,264.0,
Kaze no tani no Naushika,0,"Adventure, Animation, Fantasy",ja,"After a global war, the seaside kingdom known as the Valley of the Wind remains one of the last strongholds on Earth untouched by a poisonous jungle and the powerful insects that guard it. Led by the courageous Princess Nausicaä, the people of the Valley engage in an epic struggle to restore the bond between humanity and Earth.",30.415,Topcraft,Japan,11-03-1984,3301446,117,日本語,A young girl's love called forth miracles…,7.933,3040.0,
I Am Legend,1,"Drama, Science Fiction, Thriller",en,"Robert Neville is a scientist who was unable to stop the spread of the terrible virus that was incurable and man-made. Immune, Neville is now the last human survivor in what is left of New York City and perhaps the world. For three years, Neville has faithfully sent out daily radio messages, desperate to find any other survivors who might be out there. But he is not alone.",49.483,"Village Roadshow Pictures, Weed Road Pictures, Original Film, Warner Bros. Pictures, Heyday Films, Overbrook Entertainment",United States of America,12-12-2007,585410052,101,English,The last man on Earth is not alone,7.198,14313.0,
The Muppet Movie,0,"Comedy, Adventure, Music, Family",en,A Hollywood agent persuades Kermit the Frog to pursue a career in Hollywood. On his way there he meets his future muppet crew while being chased by the desperate owner of a frog-leg restaurant!,12.635,"ITC Entertainment, The Jim Henson Company",United States of America,22-06-1979,65200000,97,"English, Français",More entertaining than humanly possible,7.145,504.0,
Jagten,0,Drama,da,"A teacher lives a lonely life, all the while struggling over his son’s custody. His life slowly gets better as he finds love and receives good news from his son, but his new luck is about to be brutally shattered by an innocent little lie.",19.07,"Zentropa Entertainments, Det Danske Filminstitut, DR, Eurimages, MEDIA Programme of the European Union, Svenska Filminstitutet, SVT, Film i Väst, Nordisk Film & TV Fond","Belgium, Denmark, France, Sweden",25-10-2012,18309793,116,"Dansk, Polski, English",The lie is spreading.,8.096,3561.0,
Tae Guk Gi: The Brotherhood of War,0,,ko,"When two brothers are forced to fight in the Korean War, the elder decides to take the riskiest missions if it will help shield the younger from battle",,,South Korea,03-02-2004,,140,한국어/조선말,,,,
